Attendance,Duration,Over/Under,Roof,Super Bowl MVP,Surface,Vegas Line,Weather,Won OT Toss,Won Toss,away_coach,away_team,game_id,home_coach,home_team,temperature,humidity,wind_mph,wind_chill
"68,424",2:56,45.0 (over),outdoors,,fieldturf ,Seattle Seahawks -8.5,"71 degrees, relative humidity 52%, wind 11 mph, wind chill 0",,Seahawks (deferred),Mike McCarthy,Green Bay Packers,201409040sea,Pete Carroll,Seattle Seahawks,71 degrees, relative humidity 52%, wind 11 mph, wind chill 0
"62,425",3:17,47.0 (under),outdoors,,grass ,Chicago Bears -7.0,"74 degrees, relative humidity 45%, wind 3 mph, wind chill 0",Bears,Bears (deferred),Doug Marrone,Buffalo Bills,201409070chi,Marc Trestman,Chicago Bears,74 degrees, relative humidity 45%, wind 3 mph, wind chill 0
"55,919",3:03,43.5 (under),dome,,astroplay,St. Louis Rams -3.5,,,Rams (deferred),Mike Zimmer,Minnesota Vikings,201409070ram,Jeff Fisher,St. Louis Rams,,,,
"70,925",3:14,43.0 (under),outdoors,,sportturf,Baltimore Ravens -2.0,"74 degrees, relative humidity 45%, wind 8 mph, wind chill 0",,Ravens (deferred),Marvin Lewis,Cincinnati Bengals,201409070rav,John Harbaugh,Baltimore Ravens,74 degrees, relative humidity 45%, wind 8 mph, wind chill 0
"64,598",3:07,41.5 (over),outdoors,,grass ,Pittsburgh Steelers -7.0,"71 degrees, relative humidity 55%, wind 6 mph",,Steelers,Mike Pettine,Cleveland Browns,201409070pit,Mike Tomlin,Pittsburgh Steelers,71 degrees, relative humidity 55%, wind 6 mph,
"69,596",3:23,52.0 (under),outdoors,,grass ,Philadelphia Eagles -10.5,"75 degrees, relative humidity 51%, wind 9 mph, wind chill 0",,Eagles (deferred),Gus Bradley,Jacksonville Jaguars,201409070phi,Chip Kelly,Philadelphia Eagles,75 degrees, relative humidity 51%, wind 9 mph, wind chill 0
"78,160",2:58,40.0 (under),outdoors,,fieldturf,New York Jets -5.5,"76 degrees, relative humidity 47%, wind 12 mph, wind chill 0",,Raiders (deferred),Dennis Allen,Oakland Raiders,201409070nyj,Rex Ryan,New York Jets,76 degrees, relative humidity 47%, wind 12 mph, wind chill 0
"73,569",3:22,43.0 (under),outdoors,,grass ,Kansas City Chiefs -3.5,"69 degrees, relative humidity 57%, wind 7 mph, wind chill 0",,Titans (deferred),Ken Whisenhunt,Tennessee Titans,201409070kan,Andy Reid,Kansas City Chiefs,69 degrees, relative humidity 57%, wind 7 mph, wind chill 0
"70,706",3:18,51.5 (over),dome,,fieldturf ,New Orleans Saints -3.0,,Saints,Saints,Sean Payton,New Orleans Saints,201409070atl,Mike Smith,Atlanta Falcons,,,,
"70,630",3:17,47.0 (over),outdoors,,grass ,New England Patriots -5.0,"89 degrees, relative humidity 61%, no wind, wind chill 0",,Dolphins (deferred),Bill Belichick,New England Patriots,201409070mia,Joe Philbin,Miami Dolphins,89 degrees, relative humidity 61%, no wind, wind chill 0
"71,770",2:56,45.0 (under),retractable roof (closed),,grass ,Houston Texans -3.0,,,Redskins (deferred),Jay Gruden,Washington Redskins,201409070htx,Bill O'Brien,Houston Texans,,,,
"62,442",2:54,39.5 (under),outdoors,,grass ,Tampa Bay Buccaneers -2.5,"88 degrees, relative humidity 29%, wind 6 mph",,Buccaneers (deferred),Ron Rivera,Carolina Panthers,201409070tam,Lovie Smith,Tampa Bay Buccaneers,88 degrees, relative humidity 29%, wind 6 mph,
"91,174",3:04,51.0 (under),retractable roof (closed),,matrixturf,San Francisco 49ers -4.5,,,Cowboys,Jim Harbaugh,San Francisco 49ers,201409070dal,Jason Garrett,Dallas Cowboys,,,,
"76,939",3:13,55.0 (push),outdoors,,grass ,Denver Broncos -7.5,"75 degrees, relative humidity 41%, wind 6 mph, wind chill 0",,Broncos (deferred),Chuck Pagano,Indianapolis Colts,201409070den,John Fox,Denver Broncos,75 degrees, relative humidity 41%, wind 6 mph, wind chill 0
"64,401",2:56,47.0 (over),dome,,fieldturf ,Detroit Lions -5.5,,,Lions,Tom Coughlin,New York Giants,201409080det,Jim Caldwell,Detroit Lions,,,,
"61,292",3:08,45.0 (under),retractable roof (closed),,grass ,Arizona Cardinals -3.0,,,Chargers (deferred),Mike McCoy,San Diego Chargers,201409080crd,Bruce Arians,Arizona Cardinals,,,,
"71,181",2:56,44.0 (under),outdoors,,sportturf,Baltimore Ravens -2.5,"82 degrees, relative humidity 40%, wind 6 mph, wind chill 0",,Ravens (deferred),Mike Tomlin,Pittsburgh Steelers,201409110rav,John Harbaugh,Baltimore Ravens,82 degrees, relative humidity 40%, wind 6 mph, wind chill 0
"69,954",3:07,42.5 (under),outdoors,,a_turf,Buffalo Bills -1.5,"58 degrees, relative humidity 56%, wind 4 mph, wind chill 0",,Dolphins (deferred),Joe Philbin,Miami Dolphins,201409140buf,Doug Marrone,Buffalo Bills,58 degrees, relative humidity 56%, wind 4 mph, wind chill 0
"69,143",2:56,49.5 (under),outdoors,,grass ,Tennessee Titans -3.5,"75 degrees, relative humidity 45%, wind 2 mph",,Cowboys,Jason Garrett,Dallas Cowboys,201409140oti,Ken Whisenhunt,Tennessee Titans,75 degrees, relative humidity 45%, wind 2 mph,
"67,407",3:08,48.5 (over),outdoors,,grass ,New Orleans Saints -6.0,"61 degrees, relative humidity 62%, wind 6 mph",,Browns (deferred),Sean Payton,New Orleans Saints,201409140cle,Mike Pettine,Cleveland Browns,61 degrees, relative humidity 62%, wind 6 mph,
"73,586",3:05,44.0 (under),outdoors,,grass ,Carolina Panthers -2.5,"70 degrees, relative humidity 63%, wind 9 mph, wind chill 0",,Panthers (deferred),Jim Caldwell,Detroit Lions,201409140car,Ron Rivera,Carolina Panthers,70 degrees, relative humidity 63%, wind 9 mph, wind chill 0
"78,344",3:00,42.5 (under),outdoors,,fieldturf,Arizona Cardinals -2.0,"66 degrees, relative humidity 48%, wind 1 mph, wind chill 0",,Cardinals,Bruce Arians,Arizona Cardinals,201409140nyg,Tom Coughlin,New York Giants,66 degrees, relative humidity 48%, wind 1 mph, wind chill 0
"80,037",3:15,42.5 (over),outdoors,,grass ,Washington Redskins -6.0,"65 degrees, relative humidity 50%, wind 6 mph, wind chill 0",,Jaguars (deferred),Gus Bradley,Jacksonville Jaguars,201409140was,Jay Gruden,Washington Redskins,65 degrees, relative humidity 50%, wind 6 mph, wind chill 0
"52,350",3:03,48.5 (under),outdoors,,fieldturf,New England Patriots -5.5,"58 degrees, relative humidity 0%, no wind, wind chill 0",,Patriots (deferred),Bill Belichick,New England Patriots,201409140min,Mike Zimmer,Minnesota Vikings,58 degrees, relative humidity 0%, no wind, wind chill 0
"58,574",3:11,49.0 (under),outdoors,,fieldturf ,Cincinnati Bengals -6.0,"66 degrees, relative humidity 48%, wind 4 mph, wind chill 0",,Bengals (deferred),Mike Smith,Atlanta Falcons,201409140cin,Marvin Lewis,Cincinnati Bengals,66 degrees, relative humidity 48%, wind 4 mph, wind chill 0
"59,923",3:41,38.0 (under),outdoors,,grass ,Tampa Bay Buccaneers -5.5,"88 degrees, relative humidity 47%, wind 8 mph",,Rams (deferred),Jeff Fisher,St. Louis Rams,201409140tam,Lovie Smith,Tampa Bay Buccaneers,88 degrees, relative humidity 47%, wind 8 mph,
"67,916",3:05,44.0 (over),outdoors,,grass ,Seattle Seahawks -5.5,"94 degrees, relative humidity 33%, wind 8 mph, wind chill 0",,Chargers (deferred),Pete Carroll,Seattle Seahawks,201409140sdg,Mike McCoy,San Diego Chargers,94 degrees, relative humidity 33%, wind 8 mph, wind chill 0
"54,063",2:58,40.0 (over),outdoors,,grass ,Houston Texans -3.0,"67 degrees, relative humidity 69%, wind 16 mph, wind chill 0",,Raiders (deferred),Bill O'Brien,Houston Texans,201409140rai,Dennis Allen,Oakland Raiders,67 degrees, relative humidity 69%, wind 16 mph, wind chill 0
"78,041",3:21,46.0 (over),outdoors,,grass ,Green Bay Packers -7.5,"63 degrees, relative humidity 52%, wind 15 mph, wind chill 0",,Jets (deferred),Rex Ryan,New York Jets,201409140gnb,Mike McCarthy,Green Bay Packers,63 degrees, relative humidity 52%, wind 15 mph, wind chill 0
"76,900",3:08,50.5 (under),outdoors,,grass ,Denver Broncos -11.5,"85 degrees, relative humidity 16%, wind 7 mph, wind chill 0",,Chiefs (deferred),Andy Reid,Kansas City Chiefs,201409140den,John Fox,Denver Broncos,85 degrees, relative humidity 16%, wind 7 mph, wind chill 0
"70,799",3:15,47.5 (over),outdoors,,grass ,San Francisco 49ers -7.0,"78 degrees, relative humidity 48%, wind 10 mph, wind chill 0",,49ers (deferred),Marc Trestman,Chicago Bears,201409140sfo,Jim Harbaugh,San Francisco 49ers,78 degrees, relative humidity 48%, wind 10 mph, wind chill 0
"64,871",3:01,54.0 (over),retractable roof (closed),,fieldturf ,Indianapolis Colts -3.0,,,Eagles (deferred),Chip Kelly,Philadelphia Eagles,201409150clt,Chuck Pagano,Indianapolis Colts,,,,
"70,318",3:13,46.0 (over),dome,,fieldturf ,Atlanta Falcons -6.0,,,Buccaneers (deferred),Lovie Smith,Tampa Bay Buccaneers,201409180atl,Mike Smith,Atlanta Falcons,,,,
"58,739",3:02,44.0 (over),dome,,astroplay,Dallas Cowboys -1.5,,,Rams,Jason Garrett,Dallas Cowboys,201409210ram,Jeff Fisher,St. Louis Rams,,,,
"68,611",3:04,45.5 (under),outdoors,,a_turf,Buffalo Bills -2.5,"72 degrees, relative humidity 73%, wind 24 mph, wind chill 0",,Chargers (deferred),Mike McCoy,San Diego Chargers,201409210buf,Doug Marrone,Buffalo Bills,72 degrees, relative humidity 73%, wind 24 mph, wind chill 0
"69,596",3:33,50.5 (over),outdoors,,grass ,Philadelphia Eagles -6.0,"79 degrees, relative humidity 62%, wind 4 mph, wind chill 0",,Eagles (deferred),Jay Gruden,Washington Redskins,201409210phi,Chip Kelly,Philadelphia Eagles,79 degrees, relative humidity 62%, wind 4 mph, wind chill 0
"77,462",2:55,41.5 (over),outdoors,,fieldturf,New York Giants -1.5,"70 degrees, relative humidity 94%, wind 4 mph, wind chill 0",,Texans (deferred),Bill O'Brien,Houston Texans,201409210nyg,Tom Coughlin,New York Giants,70 degrees, relative humidity 94%, wind 4 mph, wind chill 0
"68,756",2:52,46.5 (under),outdoors,,fieldturf ,New England Patriots -14.0,"78 degrees, relative humidity 67%, wind 11 mph, wind chill 0",,Patriots (deferred),Dennis Allen,Oakland Raiders,201409210nwe,Bill Belichick,New England Patriots,78 degrees, relative humidity 67%, wind 11 mph, wind chill 0
"60,601",3:05,45.0 (over),outdoors,,grass ,Indianapolis Colts -7.0,"85 degrees, relative humidity 0%, wind 5 mph, wind chill 0",,Jaguars (deferred),Chuck Pagano,Indianapolis Colts,201409210jax,Gus Bradley,Jacksonville Jaguars,85 degrees, relative humidity 0%, wind 5 mph, wind chill 0
"62,418",2:46,52.5 (under),dome,,fieldturf ,Detroit Lions -2.5,,,Packers (deferred),Mike McCarthy,Green Bay Packers,201409210det,Jim Caldwell,Detroit Lions,,,,
"67,407",2:57,41.5 (over),outdoors,,grass ,Baltimore Ravens -2.0,"71 degrees, relative humidity 70%, wind 23 mph",,Ravens,John Harbaugh,Baltimore Ravens,201409210cle,Mike Pettine,Cleveland Browns,71 degrees, relative humidity 70%, wind 23 mph,
"56,743",2:56,42.5 (under),outdoors,,fieldturf ,Cincinnati Bengals -6.5,"74 degrees, relative humidity 66%, wind 20 mph, wind chill 0",,Bengals (deferred),Ken Whisenhunt,Tennessee Titans,201409210cin,Marvin Lewis,Cincinnati Bengals,74 degrees, relative humidity 66%, wind 20 mph, wind chill 0
"73,005",2:47,49.0 (under),dome,,sportturf,New Orleans Saints -10.0,,,Saints,Mike Zimmer,Minnesota Vikings,201409210nor,Sean Payton,New Orleans Saints,,,,
"61,572",3:02,42.0 (under),retractable roof (closed),,grass ,San Francisco 49ers -3.0,,,Cardinals,Jim Harbaugh,San Francisco 49ers,201409210crd,Bruce Arians,Arizona Cardinals,,,,
"68,447",3:33,48.5 (under),outdoors,,fieldturf ,Seattle Seahawks -4.5,"70 degrees, relative humidity 67%, wind 7 mph, wind chill 0",Seahawks,Broncos (deferred),John Fox,Denver Broncos,201409210sea,Pete Carroll,Seattle Seahawks,70 degrees, relative humidity 67%, wind 7 mph, wind chill 0
"70,313",3:01,42.5 (over),outdoors,,grass ,Miami Dolphins -3.5,"88 degrees, relative humidity 56%, wind 4 mph, wind chill 0",,Chiefs (deferred),Andy Reid,Kansas City Chiefs,201409210mia,Joe Philbin,Miami Dolphins,88 degrees, relative humidity 56%, wind 4 mph, wind chill 0
"73,945",3:13,42.0 (over),outdoors,,grass ,Carolina Panthers -3.0,"79 degrees, relative humidity 52%, wind 7 mph, wind chill 0",,Panthers (deferred),Mike Tomlin,Pittsburgh Steelers,201409210car,Ron Rivera,Carolina Panthers,79 degrees, relative humidity 52%, wind 7 mph, wind chill 0
"78,160",3:14,44.0 (over),outdoors,,fieldturf,New York Jets -2.5,"60 degrees, relative humidity 47%, wind 10 mph, wind chill 0",,Bears (deferred),Marc Trestman,Chicago Bears,201409220nyj,Rex Ryan,New York Jets,60 degrees, relative humidity 47%, wind 10 mph, wind chill 0
"80,573",3:10,46.0 (over),outdoors,,grass ,Washington Redskins -3.5,"64 degrees, relative humidity 88%, wind 4 mph, wind chill 0",,Giants,Tom Coughlin,New York Giants,201409250was,Jay Gruden,Washington Redskins,64 degrees, relative humidity 88%, wind 4 mph, wind chill 0
"61,736",2:56,51.5 (over),outdoors,,grass ,Green Bay Packers -1.5,"70 degrees, relative humidity 67%, wind 3 mph, wind chill 0",,Packers (deferred),Mike McCarthy,Green Bay Packers,201409280chi,Marc Trestman,Chicago Bears,70 degrees, relative humidity 67%, wind 3 mph, wind chill 0
"71,218",2:55,42.0 (over),outdoors,,sportturf,Baltimore Ravens -3.0,"78 degrees, relative humidity 0%, wind 4 mph, wind chill 0",,Ravens (deferred),Ron Rivera,Carolina Panthers,201409280rav,John Harbaugh,Baltimore Ravens,78 degrees, relative humidity 0%, wind 4 mph, wind chill 0
"78,160",3:01,45.0 (under),outdoors,,fieldturf,Detroit Lions -1.5,"80 degrees, relative humidity 46%, no wind, wind chill 0",,Lions (deferred),Jim Caldwell,Detroit Lions,201409280nyj,Rex Ryan,New York Jets,80 degrees, relative humidity 46%, no wind, wind chill 0
"71,756",3:24,42.5 (under),retractable roof (closed),,grass ,Houston Texans -3.0,,,Bills,Doug Marrone,Buffalo Bills,201409280htx,Bill O'Brien,Houston Texans,,,,
"64,757",3:11,46.0 (over),retractable roof (open),,fieldturf ,Indianapolis Colts -7.5,,,Colts,Ken Whisenhunt,Tennessee Titans,201409280clt,Chuck Pagano,Indianapolis Colts,,,,
"62,910",3:23,45.0 (over),outdoors,,grass ,Pittsburgh Steelers -7.5,"74 degrees, relative humidity 54%, wind 3 mph",,Buccaneers (deferred),Lovie Smith,Tampa Bay Buccaneers,201409280pit,Mike Tomlin,Pittsburgh Steelers,74 degrees, relative humidity 54%, wind 3 mph,
"83,436",2:57,40.5 (over),outdoors,,grass ,Miami Dolphins -3.5,"74 degrees, relative humidity 56%, wind 6 mph, wind chill 0",,Dolphins (deferred),Joe Philbin,Miami Dolphins,201409280rai,Dennis Allen,Oakland Raiders,74 degrees, relative humidity 56%, wind 6 mph, wind chill 0
"56,553",3:06,45.0 (over),outdoors,,grass ,San Diego Chargers -12.5,"73 degrees, relative humidity 54%, wind 8 mph, wind chill 0",,Jaguars,Gus Bradley,Jacksonville Jaguars,201409280sdg,Mike McCoy,San Diego Chargers,73 degrees, relative humidity 54%, wind 8 mph, wind chill 0
"70,799",3:25,50.0 (under),outdoors,,grass ,San Francisco 49ers -5.0,"72 degrees, relative humidity 51%, wind 4 mph, wind chill 0",,49ers (deferred),Chip Kelly,Philadelphia Eagles,201409280sfo,Jim Harbaugh,San Francisco 49ers,72 degrees, relative humidity 51%, wind 4 mph, wind chill 0
"52,173",3:19,47.0 (over),outdoors,,fieldturf,Atlanta Falcons -3.0,"82 degrees, relative humidity 0%, no wind, wind chill 0",,Falcons,Mike Smith,Atlanta Falcons,201409280min,Mike Zimmer,Minnesota Vikings,82 degrees, relative humidity 0%, no wind, wind chill 0
"91,176",3:00,53.5 (over),retractable roof (closed),,matrixturf,New Orleans Saints -3.0,,,Cowboys,Sean Payton,New Orleans Saints,201409280dal,Jason Garrett,Dallas Cowboys,,,,
"76,613",2:48,46.0 (over),outdoors,,grass ,New England Patriots -3.0,"82 degrees, relative humidity 42%, wind 3 mph, wind chill 0",,Patriots (deferred),Bill Belichick,New England Patriots,201409290kan,Andy Reid,Kansas City Chiefs,82 degrees, relative humidity 42%, wind 3 mph, wind chill 0
"78,054",3:02,47.5 (over),outdoors,,grass ,Green Bay Packers -7.5,"62 degrees, relative humidity 98%, wind 6 mph, wind chill 0",,Packers,Mike Zimmer,Minnesota Vikings,201410020gnb,Mike McCarthy,Green Bay Packers,62 degrees, relative humidity 98%, wind 6 mph, wind chill 0
"69,596",3:13,47.5 (over),outdoors,,grass ,Philadelphia Eagles -6.5,"59 degrees, relative humidity 37%, wind 16 mph",,Rams,Jeff Fisher,St. Louis Rams,201410050phi,Chip Kelly,Philadelphia Eagles,59 degrees, relative humidity 37%, wind 16 mph,
"69,143",3:23,44.0 (over),outdoors,,grass ,Tennessee Titans -1.0,"67 degrees, relative humidity 31%, wind 13 mph",,Titans,Mike Pettine,Cleveland Browns,201410050oti,Ken Whisenhunt,Tennessee Titans,67 degrees, relative humidity 31%, wind 13 mph,
"66,198",2:54,47.5 (under),outdoors,,grass ,Pittsburgh Steelers -6.0,"71 degrees, relative humidity 30%, wind 10 mph, wind chill 0",,Steelers,Mike Tomlin,Pittsburgh Steelers,201410050jax,Gus Bradley,Jacksonville Jaguars,71 degrees, relative humidity 30%, wind 10 mph, wind chill 0
"65,258",3:08,49.0 (under),retractable roof (open),,fieldturf ,Indianapolis Colts -3.0,,,Ravens (deferred),John Harbaugh,Baltimore Ravens,201410050clt,Chuck Pagano,Indianapolis Colts,,,,
"73,659",3:10,45.5 (over),outdoors,,grass ,Carolina Panthers -2.5,"60 degrees, relative humidity 36%, wind 7 mph, wind chill 0",,Bears (deferred),Marc Trestman,Chicago Bears,201410050car,Ron Rivera,Carolina Panthers,60 degrees, relative humidity 36%, wind 7 mph, wind chill 0
"80,307",3:03,50.0 (push),outdoors,,fieldturf,New York Giants -4.0,"55 degrees, relative humidity 45%, wind 9 mph, wind chill 0",,Giants,Mike Smith,Atlanta Falcons,201410050nyg,Tom Coughlin,New York Giants,55 degrees, relative humidity 45%, wind 9 mph, wind chill 0
"73,004",3:29,48.0 (over),dome,,sportturf,New Orleans Saints -10.0,,Saints,Saints,Lovie Smith,Tampa Bay Buccaneers,201410050nor,Sean Payton,New Orleans Saints,,,,
"62,775",3:24,43.0 (under),dome,,fieldturf ,Detroit Lions -6.5,,,Bills,Doug Marrone,Buffalo Bills,201410050det,Jim Caldwell,Detroit Lions,,,,
"91,159",3:11,47.0 (under),retractable roof (closed),,matrixturf,Dallas Cowboys -6.5,,Texans,Texans,Bill O'Brien,Houston Texans,201410050dal,Jason Garrett,Dallas Cowboys,,,,
"76,895",3:16,48.0 (over),outdoors,,grass ,Denver Broncos -7.5,"71 degrees, relative humidity 20%, wind 10 mph, wind chill 0",,Broncos (deferred),Bruce Arians,Arizona Cardinals,201410050den,John Fox,Denver Broncos,71 degrees, relative humidity 20%, wind 10 mph, wind chill 0
"70,799",2:55,44.0 (under),outdoors,,grass ,San Francisco 49ers -5.0,"85 degrees, relative humidity 28%, wind 1 mph, wind chill 0",,49ers (deferred),Andy Reid,Kansas City Chiefs,201410050sfo,Jim Harbaugh,San Francisco 49ers,85 degrees, relative humidity 28%, wind 1 mph, wind chill 0
"63,471",3:11,43.5 (under),outdoors,,grass ,San Diego Chargers -6.5,"91 degrees, relative humidity 11%, wind 8 mph, wind chill 0",,Chargers (deferred),Rex Ryan,New York Jets,201410050sdg,Mike McCoy,San Diego Chargers,91 degrees, relative humidity 11%, wind 8 mph, wind chill 0
"68,756",3:00,46.0 (over),outdoors,,fieldturf ,Pick,"47 degrees, relative humidity 71%, wind 2 mph, wind chill 0",,Bengals (deferred),Marvin Lewis,Cincinnati Bengals,201410050nwe,Bill Belichick,New England Patriots,47 degrees, relative humidity 71%, wind 2 mph, wind chill 0
"79,522",3:10,45.5 (under),outdoors,,grass ,Seattle Seahawks -7.0,"67 degrees, relative humidity 47%, wind 4 mph, wind chill 0",,Redskins (deferred),Pete Carroll,Seattle Seahawks,201410060was,Jay Gruden,Washington Redskins,67 degrees, relative humidity 47%, wind 4 mph, wind chill 0
"71,787",3:15,46.5 (over),retractable roof (closed),,grass ,Indianapolis Colts -2.5,,,Texans,Chuck Pagano,Indianapolis Colts,201410090htx,Bill O'Brien,Houston Texans,,,,
"70,185",3:20,44.0 (over),outdoors,,a_turf,Buffalo Bills -1.0,"55 degrees, relative humidity 45%, wind 6 mph, wind chill 0",,Patriots (deferred),Bill Belichick,New England Patriots,201410120buf,Doug Marrone,Buffalo Bills,55 degrees, relative humidity 45%, wind 6 mph, wind chill 0
"60,041",3:01,44.0 (over),outdoors,,grass ,Baltimore Ravens -3.0,"84 degrees, relative humidity 62%, wind 6 mph",,Buccaneers (deferred),John Harbaugh,Baltimore Ravens,201410120tam,Lovie Smith,Tampa Bay Buccaneers,84 degrees, relative humidity 62%, wind 6 mph,
"69,143",3:05,42.5 (under),outdoors,,grass ,Tennessee Titans -4.0,"67 degrees, relative humidity 87%, wind 7 mph",,Titans (deferred),Gus Bradley,Jacksonville Jaguars,201410120oti,Ken Whisenhunt,Tennessee Titans,67 degrees, relative humidity 87%, wind 7 mph,
"78,160",3:16,47.5 (over),outdoors,,fieldturf,Denver Broncos -9.5,"61 degrees, relative humidity 37%, wind 5 mph, wind chill 0",,Jets (deferred),John Fox,Denver Broncos,201410120nyj,Rex Ryan,New York Jets,61 degrees, relative humidity 37%, wind 5 mph, wind chill 0
"52,213",3:02,43.0 (under),outdoors,,fieldturf,Minnesota Vikings -1.5,"53 degrees, relative humidity 0%, no wind, wind chill 0",,Vikings (deferred),Jim Caldwell,Detroit Lions,201410120min,Mike Zimmer,Minnesota Vikings,53 degrees, relative humidity 0%, no wind, wind chill 0
"70,875",3:18,47.0 (over),outdoors,,grass ,Green Bay Packers -1.5,"86 degrees, relative humidity 63%, wind 13 mph, wind chill 0",,Dolphins (deferred),Mike McCarthy,Green Bay Packers,201410120mia,Joe Philbin,Miami Dolphins,86 degrees, relative humidity 63%, wind 13 mph, wind chill 0
"67,431",3:07,46.5 (under),outdoors,,grass ,Cleveland Browns -1.5,"58 degrees, relative humidity 48%, wind 13 mph",,Steelers,Mike Tomlin,Pittsburgh Steelers,201410120cle,Mike Pettine,Cleveland Browns,58 degrees, relative humidity 48%, wind 13 mph,
"57,053",3:59,44.0 (over),outdoors,,fieldturf ,Cincinnati Bengals -7.0,"60 degrees, relative humidity 61%, wind 5 mph, wind chill 0",Bengals,Bengals (deferred),Ron Rivera,Carolina Panthers,201410120cin,Marvin Lewis,Cincinnati Bengals,60 degrees, relative humidity 61%, wind 5 mph, wind chill 0
"53,329",3:08,44.0 (over),outdoors,,grass ,San Diego Chargers -7.5,"77 degrees, relative humidity 35%, wind 5 mph, wind chill 0",,Raiders,Mike McCoy,San Diego Chargers,201410120rai,Tony Sparano,Oakland Raiders,77 degrees, relative humidity 35%, wind 5 mph, wind chill 0
"70,712",3:04,55.5 (under),dome,,fieldturf ,Atlanta Falcons -3.5,,,Bears,Marc Trestman,Chicago Bears,201410120atl,Mike Smith,Atlanta Falcons,,,,
"61,139",3:20,47.0 (over),retractable roof (closed),,grass ,Arizona Cardinals -5.5,,,Cardinals,Jay Gruden,Washington Redskins,201410120crd,Bruce Arians,Arizona Cardinals,,,,
"68,432",3:06,47.0 (over),outdoors,,fieldturf ,Seattle Seahawks -9.5,"60 degrees, relative humidity 81%, wind 6 mph, wind chill 0",,Cowboys (deferred),Jason Garrett,Dallas Cowboys,201410120sea,Pete Carroll,Seattle Seahawks,60 degrees, relative humidity 81%, wind 6 mph, wind chill 0
"69,596",2:52,51.0 (under),outdoors,,grass ,Philadelphia Eagles -1.5,"57 degrees, relative humidity 47%, wind 5 mph, wind chill 0",,Eagles,Tom Coughlin,New York Giants,201410120phi,Chip Kelly,Philadelphia Eagles,57 degrees, relative humidity 47%, wind 5 mph, wind chill 0
"56,851",3:14,44.5 (over),dome,,astroplay,San Francisco 49ers -3.5,,,49ers (deferred),Jim Harbaugh,San Francisco 49ers,201410130ram,Jeff Fisher,St. Louis Rams,,,,
"68,756",3:04,44.5 (over),outdoors,,fieldturf ,New England Patriots -9.5,"64 degrees, relative humidity 93%, wind 9 mph, wind chill 0",,Jets (deferred),Rex Ryan,New York Jets,201410160nwe,Bill Belichick,New England Patriots,64 degrees, relative humidity 93%, wind 9 mph, wind chill 0
"62,413",2:50,47.5 (under),outdoors,,grass ,Chicago Bears -3.0,"50 degrees, relative humidity 64%, wind 10 mph",,Dolphins,Joe Philbin,Miami Dolphins,201410190chi,Marc Trestman,Chicago Bears,50 degrees, relative humidity 64%, wind 10 mph,
"57,855",3:02,43.5 (over),dome,,astroplay,Seattle Seahawks -7.0,,,Rams,Pete Carroll,Seattle Seahawks,201410190ram,Jeff Fisher,St. Louis Rams,,,,
"68,477",3:10,43.5 (under),outdoors,,a_turf,Buffalo Bills -6.5,"41 degrees, relative humidity 58%, wind 9 mph",,Vikings,Mike Zimmer,Minnesota Vikings,201410190buf,Doug Marrone,Buffalo Bills,41 degrees, relative humidity 58%, wind 9 mph,
"75,227",3:06,46.5 (under),outdoors,,grass ,Washington Redskins -6.0,"55 degrees, relative humidity 43%, wind 13 mph",,Titans (deferred),Ken Whisenhunt,Tennessee Titans,201410190was,Jay Gruden,Washington Redskins,55 degrees, relative humidity 43%, wind 13 mph,
"71,184",3:00,49.5 (under),outdoors,,sportturf,Baltimore Ravens -6.5,"54 degrees, relative humidity 0%, wind 14 mph, wind chill 0",,Ravens (deferred),Mike Smith,Atlanta Falcons,201410190rav,John Harbaugh,Baltimore Ravens,54 degrees, relative humidity 0%, wind 14 mph, wind chill 0
"61,341",3:16,45.0 (under),outdoors,,grass ,Cleveland Browns -4.0,"76 degrees, relative humidity 54%, wind 8 mph, wind chill 0",,Jaguars (deferred),Mike Pettine,Cleveland Browns,201410190jax,Gus Bradley,Jacksonville Jaguars,76 degrees, relative humidity 54%, wind 8 mph, wind chill 0
"78,106",3:07,49.0 (over),outdoors,,grass ,Green Bay Packers -6.5,"48 degrees, relative humidity 73%, wind 12 mph",,Panthers (deferred),Ron Rivera,Carolina Panthers,201410190gnb,Mike McCarthy,Green Bay Packers,48 degrees, relative humidity 73%, wind 12 mph,
"63,271",3:11,46.5 (over),dome,,fieldturf ,Detroit Lions -1.5,,,Lions,Sean Payton,New Orleans Saints,201410190det,Jim Caldwell,Detroit Lions,,,,
"66,539",3:06,50.5 (under),retractable roof (open),,fieldturf ,Indianapolis Colts -3.5,,,Colts,Marvin Lewis,Cincinnati Bengals,201410190clt,Chuck Pagano,Indianapolis Colts,,,,
"65,260",3:04,46.0 (under),outdoors,,grass ,San Diego Chargers -3.0,"75 degrees, relative humidity 55%, wind 2 mph, wind chill 0",,Chiefs (deferred),Andy Reid,Kansas City Chiefs,201410190sdg,Mike McCoy,San Diego Chargers,75 degrees, relative humidity 55%, wind 2 mph, wind chill 0
"52,101",2:57,46.5 (under),outdoors,,grass ,Arizona Cardinals -3.5,"69 degrees, relative humidity 71%, wind 6 mph, wind chill 0",,Raiders,Bruce Arians,Arizona Cardinals,201410190rai,Tony Sparano,Oakland Raiders,69 degrees, relative humidity 71%, wind 6 mph, wind chill 0
"91,028",2:59,47.0 (over),retractable roof (closed),,matrixturf,Dallas Cowboys -5.5,,,Cowboys,Tom Coughlin,New York Giants,201410190dal,Jason Garrett,Dallas Cowboys,,,,
"77,047",3:08,48.5 (over),outdoors,,grass ,Denver Broncos -6.5,"67 degrees, relative humidity 25%, wind 4 mph, wind chill 0",,Broncos (deferred),Jim Harbaugh,San Francisco 49ers,201410190den,John Fox,Denver Broncos,67 degrees, relative humidity 25%, wind 4 mph, wind chill 0
"56,375",3:07,44.5 (over),outdoors,,grass ,Pittsburgh Steelers -3.0,"57 degrees, relative humidity 57%, wind 6 mph",,Texans (deferred),Bill O'Brien,Houston Texans,201410200pit,Mike Tomlin,Pittsburgh Steelers,57 degrees, relative humidity 57%, wind 6 mph,
"76,907",3:05,51.0 (over),outdoors,,grass ,Denver Broncos -9.0,"68 degrees, relative humidity 24%, wind 3 mph, wind chill 0",,Chargers (deferred),Mike McCoy,San Diego Chargers,201410230den,John Fox,Denver Broncos,68 degrees, relative humidity 24%, wind 3 mph, wind chill 0
"83,532",3:00,45.5 (under),outdoors,,fieldturf ,Detroit Lions -3.5,"59 degrees, relative humidity 0%, wind 13 mph, wind chill 0",,Lions (deferred),Jim Caldwell,Detroit Lions,201410260atl,Mike Smith,Atlanta Falcons,59 degrees, relative humidity 0%, wind 13 mph, wind chill 0
"78,160",3:20,40.5 (over),outdoors,,fieldturf,New York Jets -3.0,"59 degrees, relative humidity 44%, wind 16 mph, wind chill 0",,Jets,Doug Marrone,Buffalo Bills,201410260nyj,Rex Ryan,New York Jets,59 degrees, relative humidity 44%, wind 16 mph, wind chill 0
"68,756",3:02,52.0 (over),outdoors,,fieldturf ,New England Patriots -6.0,"54 degrees, relative humidity 53%, wind 14 mph, wind chill 0",,Patriots (deferred),Marc Trestman,Chicago Bears,201410260nwe,Bill Belichick,New England Patriots,54 degrees, relative humidity 53%, wind 14 mph, wind chill 0
"65,633",3:05,42.5 (under),outdoors,,grass ,Miami Dolphins -7.0,"76 degrees, relative humidity 45%, wind 6 mph, wind chill 0",,Dolphins (deferred),Joe Philbin,Miami Dolphins,201410260jax,Gus Bradley,Jacksonville Jaguars,76 degrees, relative humidity 45%, wind 6 mph, wind chill 0
"55,711",2:59,44.5 (over),outdoors,,fieldturf ,Baltimore Ravens -3.0,"62 degrees, relative humidity 32%, wind 6 mph, wind chill 0",,Ravens (deferred),John Harbaugh,Baltimore Ravens,201410260cin,Marvin Lewis,Cincinnati Bengals,62 degrees, relative humidity 32%, wind 6 mph, wind chill 0
"56,577",3:09,43.0 (under),outdoors,,grass ,Tampa Bay Buccaneers -1.5,"77 degrees, relative humidity 34%, wind 5 mph",Buccaneers,Vikings (deferred),Mike Zimmer,Minnesota Vikings,201410260tam,Lovie Smith,Tampa Bay Buccaneers,77 degrees, relative humidity 34%, wind 5 mph,
"69,143",2:58,43.0 (over),outdoors,,grass ,Houston Texans -3.5,"73 degrees, relative humidity 45%, wind 2 mph, wind chill 0",,Titans (deferred),Bill O'Brien,Houston Texans,201410260oti,Ken Whisenhunt,Tennessee Titans,73 degrees, relative humidity 45%, wind 2 mph, wind chill 0
"74,042",2:49,45.0 (under),outdoors,,grass ,Seattle Seahawks -6.0,"77 degrees, relative humidity 38%, wind 9 mph, wind chill 0",,Panthers (deferred),Pete Carroll,Seattle Seahawks,201410260car,Ron Rivera,Carolina Panthers,77 degrees, relative humidity 38%, wind 9 mph, wind chill 0
"75,972",2:59,44.0 (under),outdoors,,grass ,Kansas City Chiefs -7.0,"70 degrees, relative humidity 73%, wind 8 mph, wind chill 0",,Chiefs (deferred),Jeff Fisher,St. Louis Rams,201410260kan,Andy Reid,Kansas City Chiefs,70 degrees, relative humidity 73%, wind 8 mph, wind chill 0
"61,789",3:39,48.5 (under),retractable roof (closed),,grass ,Philadelphia Eagles -1.0,,,Eagles,Chip Kelly,Philadelphia Eagles,201410260crd,Bruce Arians,Arizona Cardinals,,,,
"62,479",3:31,48.5 (over),outdoors,,grass ,Indianapolis Colts -4.5,"62 degrees, relative humidity 28%, wind 12 mph",,Colts,Chuck Pagano,Indianapolis Colts,201410260pit,Mike Tomlin,Pittsburgh Steelers,62 degrees, relative humidity 28%, wind 12 mph,
"67,431",3:10,44.5 (under),outdoors,,grass ,Cleveland Browns -6.5,"55 degrees, relative humidity 53%, wind 20 mph",,Browns (deferred),Tony Sparano,Oakland Raiders,201410260cle,Mike Pettine,Cleveland Browns,55 degrees, relative humidity 53%, wind 20 mph,
"73,146",3:03,55.0 (over),dome,,sportturf,New Orleans Saints -2.0,,,Packers,Mike McCarthy,Green Bay Packers,201410260nor,Sean Payton,New Orleans Saints,,,,
"87,055",3:13,49.0 (under),retractable roof (closed),,matrixturf,Dallas Cowboys -9.5,,Redskins,Redskins (deferred),Jay Gruden,Washington Redskins,201410270dal,Jason Garrett,Dallas Cowboys,,,,
"73,663",2:53,49.0 (under),outdoors,,grass ,New Orleans Saints -3.0,"58 degrees, relative humidity 42%, wind 3 mph, wind chill 0",,Saints,Sean Payton,New Orleans Saints,201410300car,Ron Rivera,Carolina Panthers,58 degrees, relative humidity 42%, wind 3 mph, wind chill 0
"67,431",3:04,44.0 (under),outdoors,,grass ,Cleveland Browns -7.0,"42 degrees, relative humidity 67%, wind 8 mph",,Browns (deferred),Lovie Smith,Tampa Bay Buccaneers,201411020cle,Mike Pettine,Cleveland Browns,42 degrees, relative humidity 67%, wind 8 mph,
"60,057",3:13,44.0 (over),outdoors,,fieldturf ,Cincinnati Bengals -10.0,"42 degrees, relative humidity 42%, wind 3 mph",,Bengals (deferred),Gus Bradley,Jacksonville Jaguars,201411020cin,Marvin Lewis,Cincinnati Bengals,42 degrees, relative humidity 42%, wind 3 mph,
"70,222",2:58,45.0 (under),outdoors,,grass ,Miami Dolphins -3.0,"70 degrees, relative humidity 29%, wind 16 mph, wind chill 0",,Dolphins (deferred),Mike McCoy,San Diego Chargers,201411020mia,Joe Philbin,Miami Dolphins,70 degrees, relative humidity 29%, wind 16 mph, wind chill 0
"52,252",3:11,44.0 (over),outdoors,,fieldturf,Pick,"50 degrees, relative humidity 0%, wind 10 mph, wind chill 0",,Redskins (deferred),Jay Gruden,Washington Redskins,201411020min,Mike Zimmer,Minnesota Vikings,50 degrees, relative humidity 0%, wind 10 mph, wind chill 0
"74,127",2:47,41.5 (under),outdoors,,grass ,Kansas City Chiefs -8.5,"57 degrees, relative humidity 30%, wind 20 mph, wind chill 0",,Jets (deferred),Rex Ryan,New York Jets,201411020kan,Andy Reid,Kansas City Chiefs,57 degrees, relative humidity 30%, wind 20 mph, wind chill 0
"71,780",3:02,48.5 (over),retractable roof (closed),,grass ,Philadelphia Eagles -2.0,,,Texans (deferred),Chip Kelly,Philadelphia Eagles,201411020htx,Bill O'Brien,Houston Texans,,,,
"85,688",2:56,45.0 (push),retractable roof (closed),,matrixturf,Dallas Cowboys -1.5,,,Cardinals,Bruce Arians,Arizona Cardinals,201411020dal,Jason Garrett,Dallas Cowboys,,,,
"70,799",3:07,44.0 (under),outdoors,,grass ,San Francisco 49ers -10.5,"61 degrees, relative humidity 55%, wind 8 mph, wind chill 0",,Rams (deferred),Jeff Fisher,St. Louis Rams,201411020sfo,Jim Harbaugh,San Francisco 49ers,61 degrees, relative humidity 55%, wind 8 mph, wind chill 0
"68,756",3:32,52.5 (over),outdoors,,fieldturf ,Denver Broncos -3.0,"35 degrees, relative humidity 63%, wind 19 mph, wind chill 0",,Patriots (deferred),John Fox,Denver Broncos,201411020nwe,Bill Belichick,New England Patriots,35 degrees, relative humidity 63%, wind 19 mph, wind chill 0
"68,337",3:19,44.0 (over),outdoors,,fieldturf ,Seattle Seahawks -13.5,"54 degrees, relative humidity 80%, wind 9 mph, wind chill 0",,Seahawks (deferred),Tony Sparano,Oakland Raiders,201411020sea,Pete Carroll,Seattle Seahawks,54 degrees, relative humidity 80%, wind 9 mph, wind chill 0
"63,971",3:39,47.5 (over),outdoors,,grass ,Pittsburgh Steelers -2.5,"38 degrees, relative humidity 57%, wind 6 mph",,Steelers (deferred),John Harbaugh,Baltimore Ravens,201411020pit,Mike Tomlin,Pittsburgh Steelers,38 degrees, relative humidity 57%, wind 6 mph,
"77,975",3:23,50.0 (over),outdoors,,fieldturf,Indianapolis Colts -3.0,"55 degrees, relative humidity 26%, wind 6 mph, wind chill 0",,Giants,Chuck Pagano,Indianapolis Colts,201411030nyg,Tom Coughlin,New York Giants,55 degrees, relative humidity 26%, wind 6 mph, wind chill 0
"65,871",3:14,46.0 (under),outdoors,,fieldturf ,Cincinnati Bengals -6.5,"42 degrees, relative humidity 86%, wind 17 mph",,Browns (deferred),Mike Pettine,Cleveland Browns,201411060cin,Marvin Lewis,Cincinnati Bengals,42 degrees, relative humidity 86%, wind 17 mph,
"68,119",3:02,42.0 (under),outdoors,,a_turf,Buffalo Bills -1.5,"42 degrees, relative humidity 72%, wind 10 mph",,Bills (deferred),Andy Reid,Kansas City Chiefs,201411090buf,Doug Marrone,Buffalo Bills,42 degrees, relative humidity 72%, wind 10 mph,
"78,160",2:58,47.0 (under),outdoors,,fieldturf,Pittsburgh Steelers -4.5,"58 degrees, relative humidity 36%, wind 8 mph, wind chill 0",,Steelers (deferred),Mike Tomlin,Pittsburgh Steelers,201411090nyj,Rex Ryan,New York Jets,58 degrees, relative humidity 36%, wind 8 mph, wind chill 0
"63,179",3:08,43.0 (under),dome,,fieldturf ,Detroit Lions -3.0,,,Dolphins (deferred),Joe Philbin,Miami Dolphins,201411090det,Jim Caldwell,Detroit Lions,,,,
"70,914",2:55,44.5 (under),outdoors,,sportturf,Baltimore Ravens -10.5,"57 degrees, relative humidity 37%, wind 7 mph, wind chill 0",,Ravens (deferred),Ken Whisenhunt,Tennessee Titans,201411090rav,John Harbaugh,Baltimore Ravens,57 degrees, relative humidity 37%, wind 7 mph, wind chill 0
"73,129",3:38,49.0 (over),dome,,sportturf,New Orleans Saints -5.5,,Saints,49ers (deferred),Jim Harbaugh,San Francisco 49ers,201411090nor,Sean Payton,New Orleans Saints,,,,
"57,751",3:13,47.0 (under),outdoors,,grass ,Atlanta Falcons -3.0,"64 degrees, relative humidity 73%, wind 5 mph",,Buccaneers,Mike Smith,Atlanta Falcons,201411090tam,Lovie Smith,Tampa Bay Buccaneers,64 degrees, relative humidity 73%, wind 5 mph,
"83,603",3:08,45.0 (over),outdoors,,grass ,Dallas Cowboys -7.5,"50 degrees, relative humidity 71%, wind 3 mph",,Jaguars (deferred),Jason Garrett,Dallas Cowboys,201411090jax,Gus Bradley,Jacksonville Jaguars,50 degrees, relative humidity 71%, wind 3 mph,
"54,803",3:08,51.0 (over),outdoors,,grass ,Denver Broncos -12.5,"68 degrees, relative humidity 65%, wind 6 mph, wind chill 0",,Raiders (deferred),John Fox,Denver Broncos,201411090rai,Tony Sparano,Oakland Raiders,68 degrees, relative humidity 65%, wind 6 mph, wind chill 0
"61,363",3:02,43.0 (over),retractable roof (closed),,grass ,Arizona Cardinals -7.0,,,Rams,Jeff Fisher,St. Louis Rams,201411090crd,Bruce Arians,Arizona Cardinals,,,,
"68,352",2:56,45.0 (over),outdoors,,fieldturf ,Seattle Seahawks -9.5,"50 degrees, relative humidity 88%, no wind, wind chill 0",,Giants,Tom Coughlin,New York Giants,201411090sea,Pete Carroll,Seattle Seahawks,50 degrees, relative humidity 88%, no wind, wind chill 0
"78,292",3:22,54.0 (over),outdoors,,grass ,Green Bay Packers -9.5,"34 degrees, relative humidity 90%, wind 5 mph, wind chill 29",,Bears,Marc Trestman,Chicago Bears,201411090gnb,Mike McCarthy,Green Bay Packers,34 degrees, relative humidity 90%, wind 5 mph, wind chill 29
"69,596",3:10,48.5 (over),outdoors,,grass ,Philadelphia Eagles -7.0,"52 degrees, relative humidity 61%, wind 5 mph",,Panthers,Ron Rivera,Carolina Panthers,201411100phi,Chip Kelly,Philadelphia Eagles,52 degrees, relative humidity 61%, wind 5 mph,
"71,573",2:58,42.0 (under),outdoors,,grass ,Miami Dolphins -5.0,"74 degrees, relative humidity 76%, wind 4 mph, wind chill 0",,Bills (deferred),Doug Marrone,Buffalo Bills,201411130mia,Joe Philbin,Miami Dolphins,74 degrees, relative humidity 76%, wind 4 mph, wind chill 0
"59,401",3:02,51.0 (under),dome,,astroplay,Denver Broncos -9.5,,,Rams,John Fox,Denver Broncos,201411160ram,Jeff Fisher,St. Louis Rams,,,,
"61,792",2:56,46.5 (under),outdoors,,grass ,Chicago Bears -2.5,"31 degrees, relative humidity 76%, wind 12 mph, wind chill 22",,Bears (deferred),Mike Zimmer,Minnesota Vikings,201411160chi,Marc Trestman,Chicago Bears,31 degrees, relative humidity 76%, wind 12 mph, wind chill 22
"73,073",2:50,51.0 (under),dome,,sportturf,New Orleans Saints -7.0,,,Saints,Marvin Lewis,Cincinnati Bengals,201411160nor,Sean Payton,New Orleans Saints,,,,
"73,314",3:07,47.0 (under),outdoors,,grass ,Atlanta Falcons -1.5,"48 degrees, relative humidity 28%, wind 3 mph",,Falcons,Mike Smith,Atlanta Falcons,201411160car,Ron Rivera,Carolina Panthers,48 degrees, relative humidity 28%, wind 3 mph,
"77,442",2:55,45.5 (under),outdoors,,grass ,Washington Redskins -7.5,"45 degrees, relative humidity 39%, wind 6 mph",,Buccaneers (deferred),Lovie Smith,Tampa Bay Buccaneers,201411160was,Jay Gruden,Washington Redskins,45 degrees, relative humidity 39%, wind 6 mph,
"80,352",3:08,44.5 (under),outdoors,,fieldturf,San Francisco 49ers -4.0,"42 degrees, relative humidity 53%, no wind",,Giants (deferred),Jim Harbaugh,San Francisco 49ers,201411160nyg,Tom Coughlin,New York Giants,42 degrees, relative humidity 53%, no wind,
"67,431",3:10,41.0 (under),outdoors,,grass ,Cleveland Browns -3.5,"34 degrees, relative humidity 57%, wind 9 mph, wind chill 27",,Browns (deferred),Bill O'Brien,Houston Texans,201411160cle,Mike Pettine,Cleveland Browns,34 degrees, relative humidity 57%, wind 9 mph, wind chill 27
"76,463",3:04,42.5 (over),outdoors,,grass ,Pick,"21 degrees, relative humidity 65%, wind 8 mph, wind chill 10",,Chiefs (deferred),Pete Carroll,Seattle Seahawks,201411160kan,Andy Reid,Kansas City Chiefs,21 degrees, relative humidity 65%, wind 8 mph, wind chill 10
"66,720",3:05,45.0 (under),outdoors,,grass ,San Diego Chargers -10.0,"72 degrees, relative humidity 40%, wind 13 mph, wind chill 0",,Chargers (deferred),Tony Sparano,Oakland Raiders,201411160sdg,Mike McCoy,San Diego Chargers,72 degrees, relative humidity 40%, wind 13 mph, wind chill 0
"78,270",3:04,55.0 (over),outdoors,,grass ,Green Bay Packers -5.5,"28 degrees, relative humidity 72%, wind 13 mph, wind chill 17",,Packers,Chip Kelly,Philadelphia Eagles,201411160gnb,Mike McCarthy,Green Bay Packers,28 degrees, relative humidity 72%, wind 13 mph, wind chill 17
"62,487",2:52,41.0 (under),retractable roof (closed),,grass ,Arizona Cardinals -1.0,,,Cardinals,Jim Caldwell,Detroit Lions,201411160crd,Bruce Arians,Arizona Cardinals,,,,
"66,751",2:58,57.0 (over),retractable roof (closed),,fieldturf ,Indianapolis Colts -3.0,,,Patriots (deferred),Bill Belichick,New England Patriots,201411160clt,Chuck Pagano,Indianapolis Colts,,,,
"69,143",2:47,45.5 (over),outdoors,,grass ,Pittsburgh Steelers -5.5,"25 degrees, relative humidity 64%, wind 9 mph, wind chill 16",,Titans (deferred),Mike Tomlin,Pittsburgh Steelers,201411170oti,Ken Whisenhunt,Tennessee Titans,25 degrees, relative humidity 64%, wind 9 mph, wind chill 16
"52,865",3:12,42.5 (over),outdoors,,grass ,Kansas City Chiefs -7.0,"57 degrees, relative humidity 88%, wind 6 mph, wind chill 0",,Raiders (deferred),Andy Reid,Kansas City Chiefs,201411200rai,Tony Sparano,Oakland Raiders,57 degrees, relative humidity 88%, wind 6 mph, wind chill 0
"61,109",3:17,46.5 (under),outdoors,,grass ,Chicago Bears -4.5,"54 degrees, relative humidity 75%, wind 12 mph, wind chill 0",,Buccaneers (deferred),Lovie Smith,Tampa Bay Buccaneers,201411230chi,Marc Trestman,Chicago Bears,54 degrees, relative humidity 75%, wind 12 mph, wind chill 0
"70,046",3:05,48.5 (over),dome,,fieldturf ,Atlanta Falcons -2.5,,,Falcons,Mike Pettine,Cleveland Browns,201411230atl,Mike Smith,Atlanta Falcons,,,,
"69,596",3:34,49.0 (over),outdoors,,grass ,Philadelphia Eagles -11.0,"54 degrees, relative humidity 33%, wind 7 mph, wind chill 0",,Titans (deferred),Ken Whisenhunt,Tennessee Titans,201411230phi,Chip Kelly,Philadelphia Eagles,54 degrees, relative humidity 33%, wind 7 mph, wind chill 0
"68,756",3:18,47.5 (under),outdoors,,fieldturf ,New England Patriots -7.0,"58 degrees, relative humidity 40%, wind 7 mph, wind chill 0",,Patriots (deferred),Jim Caldwell,Detroit Lions,201411230nwe,Bill Belichick,New England Patriots,58 degrees, relative humidity 40%, wind 7 mph, wind chill 0
"71,777",3:02,44.5 (under),retractable roof (closed),,grass ,Houston Texans -2.5,,,Texans (deferred),Marvin Lewis,Cincinnati Bengals,201411230htx,Bill O'Brien,Houston Texans,,,,
"64,328",3:03,49.0 (under),retractable roof (closed),,fieldturf ,Indianapolis Colts -13.5,,,Jaguars (deferred),Gus Bradley,Jacksonville Jaguars,201411230clt,Chuck Pagano,Indianapolis Colts,,,,
"52,386",2:57,50.0 (under),outdoors,,fieldturf,Green Bay Packers -7.5,"49 degrees, relative humidity 0%, no wind, wind chill 0",,Vikings (deferred),Mike McCarthy,Green Bay Packers,201411230min,Mike Zimmer,Minnesota Vikings,49 degrees, relative humidity 0%, no wind, wind chill 0
"66,040",3:11,43.5 (over),outdoors,,grass ,San Diego Chargers -5.0,"72 degrees, relative humidity 40%, wind 5 mph, wind chill 0",,Rams (deferred),Jeff Fisher,St. Louis Rams,201411230sdg,Mike McCoy,San Diego Chargers,72 degrees, relative humidity 40%, wind 5 mph, wind chill 0
"68,327",2:45,41.5 (under),outdoors,,fieldturf ,Seattle Seahawks -7.0,"51 degrees, relative humidity 79%, wind 10 mph, wind chill 0",,Cardinals,Bruce Arians,Arizona Cardinals,201411230sea,Pete Carroll,Seattle Seahawks,51 degrees, relative humidity 79%, wind 10 mph, wind chill 0
"70,799",2:56,44.0 (under),outdoors,,grass ,San Francisco 49ers -9.5,"62 degrees, relative humidity 44%, wind 9 mph, wind chill 0",,49ers (deferred),Jay Gruden,Washington Redskins,201411230sfo,Jim Harbaugh,San Francisco 49ers,62 degrees, relative humidity 44%, wind 9 mph, wind chill 0
"76,987",3:10,47.5 (over),outdoors,,grass ,Denver Broncos -7.0,"39 degrees, relative humidity 36%, wind 6 mph",,Broncos (deferred),Joe Philbin,Miami Dolphins,201411230den,John Fox,Denver Broncos,39 degrees, relative humidity 36%, wind 6 mph,
"80,520",3:18,49.0 (over),outdoors,,fieldturf,Dallas Cowboys -5.0,"51 degrees, relative humidity 58%, wind 2 mph, wind chill 0",,Cowboys,Jason Garrett,Dallas Cowboys,201411230nyg,Tom Coughlin,New York Giants,51 degrees, relative humidity 58%, wind 2 mph, wind chill 0
"56,044",2:50,42.5 (under),dome,,fieldturf ,Buffalo Bills -2.5,,,Bills (deferred),Rex Ryan,New York Jets,201411240buf,Doug Marrone,Buffalo Bills,,,,
"73,373",3:08,51.0 (over),dome,,sportturf,New Orleans Saints -3.0,,,Ravens (deferred),John Harbaugh,Baltimore Ravens,201411240nor,Sean Payton,New Orleans Saints,,,,
"64,175",3:11,46.5 (over),dome,,fieldturf ,Detroit Lions -7.0,,,Bears (deferred),Marc Trestman,Chicago Bears,201411270det,Jim Caldwell,Detroit Lions,,,,
"91,379",3:13,57.0 (under),retractable roof (closed),,matrixturf,Dallas Cowboys -3.5,,,Eagles,Chip Kelly,Philadelphia Eagles,201411270dal,Jason Garrett,Dallas Cowboys,,,,
"70,799",3:01,40.5 (under),outdoors,,grass ,San Francisco 49ers -1.5,"68 degrees, relative humidity 45%, no wind, wind chill 0",,Seahawks (deferred),Pete Carroll,Seattle Seahawks,201411270sfo,Jim Harbaugh,San Francisco 49ers,68 degrees, relative humidity 45%, no wind, wind chill 0
"55,650",3:11,43.0 (over),dome,,astroplay,St. Louis Rams -6.0,,,Rams (deferred),Tony Sparano,Oakland Raiders,201411300ram,Jeff Fisher,St. Louis Rams,,,,
"56,340",3:03,43.5 (under),outdoors,,grass ,Cincinnati Bengals -6.0,"77 degrees, relative humidity 54%, wind 7 mph",,Buccaneers (deferred),Marvin Lewis,Cincinnati Bengals,201411300tam,Lovie Smith,Tampa Bay Buccaneers,77 degrees, relative humidity 54%, wind 7 mph,
"71,060",3:24,45.5 (over),outdoors,,sportturf,Baltimore Ravens -6.5,"54 degrees, relative humidity 0%, wind 8 mph, wind chill 0",,Chargers (deferred),Mike McCoy,San Diego Chargers,201411300rav,John Harbaugh,Baltimore Ravens,54 degrees, relative humidity 0%, wind 8 mph, wind chill 0
"61,916",3:18,54.5 (over),outdoors,,grass ,Pittsburgh Steelers -3.5,"63 degrees, relative humidity 55%, wind 15 mph",,Saints (deferred),Sean Payton,New Orleans Saints,201411300pit,Mike Tomlin,Pittsburgh Steelers,63 degrees, relative humidity 55%, wind 15 mph,
"52,016",2:50,41.5 (over),outdoors,,fieldturf,Minnesota Vikings -2.5,"12 degrees, relative humidity 0%, wind 17 mph, wind chill -7",,Vikings (deferred),Ron Rivera,Carolina Panthers,201411300min,Mike Zimmer,Minnesota Vikings,12 degrees, relative humidity 0%, wind 17 mph, wind chill -7
"71,714",3:00,43.0 (over),retractable roof (closed),,grass ,Houston Texans -7.0,,,Titans (deferred),Ken Whisenhunt,Tennessee Titans,201411300htx,Bill O'Brien,Houston Texans,,,,
"65,352",3:21,49.0 (over),retractable roof (closed),,fieldturf ,Indianapolis Colts -8.5,,,Colts,Jay Gruden,Washington Redskins,201411300clt,Chuck Pagano,Indianapolis Colts,,,,
"68,576",3:13,42.0 (under),outdoors,,a_turf,Buffalo Bills -3.0,"57 degrees, relative humidity 61%, wind 17 mph, wind chill 0",,Bills (deferred),Mike Pettine,Cleveland Browns,201411300buf,Doug Marrone,Buffalo Bills,57 degrees, relative humidity 61%, wind 17 mph, wind chill 0
"64,687",3:09,44.0 (over),outdoors,,grass ,New York Giants -3.0,"71 degrees, relative humidity 0%, wind 5 mph, wind chill 0",,Giants,Tom Coughlin,New York Giants,201411300jax,Gus Bradley,Jacksonville Jaguars,71 degrees, relative humidity 0%, wind 5 mph, wind chill 0
"69,557",3:02,45.0 (over),dome,,fieldturf ,Arizona Cardinals -1.5,,,Falcons,Bruce Arians,Arizona Cardinals,201411300atl,Mike Smith,Atlanta Falcons,,,,
"78,431",3:00,58.0 (under),outdoors,,grass ,Green Bay Packers -3.0,"28 degrees, relative humidity 60%, wind 14 mph, wind chill 17",,Packers,Bill Belichick,New England Patriots,201411300gnb,Mike McCarthy,Green Bay Packers,28 degrees, relative humidity 60%, wind 14 mph, wind chill 17
"76,894",3:05,49.5 (under),outdoors,,grass ,Pick,"27 degrees, relative humidity 48%, wind 18 mph, wind chill 14",,Broncos (deferred),John Fox,Denver Broncos,201411300kan,Andy Reid,Kansas City Chiefs,27 degrees, relative humidity 48%, wind 18 mph, wind chill 14
"78,160",2:52,41.5 (under),outdoors,,fieldturf,Miami Dolphins -7.0,"42 degrees, relative humidity 75%, wind 6 mph",,Dolphins (deferred),Joe Philbin,Miami Dolphins,201412010nyj,Rex Ryan,New York Jets,42 degrees, relative humidity 75%, wind 6 mph,
"61,558",3:08,50.5 (over),outdoors,,grass ,Dallas Cowboys -4.0,"35 degrees, relative humidity 62%, wind 5 mph",,Cowboys,Jason Garrett,Dallas Cowboys,201412040chi,Marc Trestman,Chicago Bears,35 degrees, relative humidity 62%, wind 5 mph,
"65,512",3:11,47.5 (over),outdoors,,fieldturf ,Cincinnati Bengals -3.0,"39 degrees, relative humidity 70%, wind 8 mph",,Bengals (deferred),Mike Tomlin,Pittsburgh Steelers,201412070cin,Marvin Lewis,Cincinnati Bengals,39 degrees, relative humidity 70%, wind 8 mph,
"52,152",3:17,40.0 (over),outdoors,,fieldturf,Minnesota Vikings -4.5,"32 degrees, relative humidity 0%, wind 17 mph, wind chill 21",Jets,Vikings (deferred),Rex Ryan,New York Jets,201412070min,Mike Zimmer,Minnesota Vikings,32 degrees, relative humidity 0%, wind 17 mph, wind chill 21
"70,244",3:05,45.0 (under),outdoors,,grass ,Miami Dolphins -3.0,"76 degrees, relative humidity 68%, wind 10 mph, wind chill 0",,Dolphins (deferred),John Harbaugh,Baltimore Ravens,201412070mia,Joe Philbin,Miami Dolphins,76 degrees, relative humidity 68%, wind 10 mph, wind chill 0
"61,489",3:10,42.0 (over),dome,,fieldturf ,Detroit Lions -10.5,,,Lions,Lovie Smith,Tampa Bay Buccaneers,201412070det,Jim Caldwell,Detroit Lions,,,,
"67,431",3:28,50.0 (under),outdoors,,grass ,Indianapolis Colts -3.0,"37 degrees, relative humidity 61%, wind 10 mph, wind chill 30",,Colts (deferred),Chuck Pagano,Indianapolis Colts,201412070cle,Mike Pettine,Cleveland Browns,37 degrees, relative humidity 61%, wind 10 mph, wind chill 30
"71,120",2:49,44.5 (under),outdoors,,grass ,St. Louis Rams -3.0,"45 degrees, relative humidity 37%, wind 8 mph",,Rams (deferred),Jeff Fisher,St. Louis Rams,201412070was,Jay Gruden,Washington Redskins,45 degrees, relative humidity 37%, wind 8 mph,
"69,143",3:04,46.5 (under),outdoors,,grass ,New York Giants -3.0,"45 degrees, relative humidity 57%, wind 6 mph",,Titans (deferred),Tom Coughlin,New York Giants,201412070oti,Ken Whisenhunt,Tennessee Titans,45 degrees, relative humidity 57%, wind 6 mph,
"73,006",3:16,50.5 (over),dome,,sportturf,New Orleans Saints -9.0,,,Panthers,Ron Rivera,Carolina Panthers,201412070nor,Sean Payton,New Orleans Saints,,,,
"61,070",3:00,42.0 (under),outdoors,,grass ,Houston Texans -6.5,"61 degrees, relative humidity 60%, wind 15 mph, wind chill 0",,Jaguars (deferred),Bill O'Brien,Houston Texans,201412070jax,Gus Bradley,Jacksonville Jaguars,61 degrees, relative humidity 60%, wind 15 mph, wind chill 0
"76,913",3:07,47.5 (under),outdoors,,grass ,Denver Broncos -9.5,"63 degrees, relative humidity 15%, wind 3 mph, wind chill 0",,Broncos (deferred),Doug Marrone,Buffalo Bills,201412070den,John Fox,Denver Broncos,63 degrees, relative humidity 15%, wind 3 mph, wind chill 0
"62,387",3:10,41.0 (under),retractable roof (closed),,grass ,Kansas City Chiefs -2.5,,,Cardinals,Andy Reid,Kansas City Chiefs,201412070crd,Bruce Arians,Arizona Cardinals,,,,
"55,300",3:04,40.5 (under),outdoors,,grass ,San Francisco 49ers -9.0,"63 degrees, relative humidity 78%, no wind, wind chill 0",,Raiders (deferred),Jim Harbaugh,San Francisco 49ers,201412070rai,Tony Sparano,Oakland Raiders,63 degrees, relative humidity 78%, no wind, wind chill 0
"69,596",3:17,48.0 (under),outdoors,,grass ,Seattle Seahawks -2.0,"45 degrees, relative humidity 32%, wind 15 mph",,Eagles (deferred),Pete Carroll,Seattle Seahawks,201412070phi,Chip Kelly,Philadelphia Eagles,45 degrees, relative humidity 32%, wind 15 mph,
"68,815",3:06,54.0 (under),outdoors,,grass ,New England Patriots -4.0,"67 degrees, relative humidity 59%, wind 7 mph, wind chill 0",,Patriots (deferred),Bill Belichick,New England Patriots,201412070sdg,Mike McCoy,San Diego Chargers,67 degrees, relative humidity 59%, wind 7 mph, wind chill 0
"77,512",3:16,54.5 (over),outdoors,,grass ,Green Bay Packers -13.5,"33 degrees, relative humidity 96%, no wind, wind chill 0",,Packers,Mike Smith,Atlanta Falcons,201412080gnb,Mike McCarthy,Green Bay Packers,33 degrees, relative humidity 96%, no wind, wind chill 0
"55,880",3:09,40.5 (under),dome,,astroplay,St. Louis Rams -4.5,,,Cardinals,Bruce Arians,Arizona Cardinals,201412110ram,Jeff Fisher,St. Louis Rams,,,,
"70,214",3:14,50.0 (under),outdoors,,a_turf,Green Bay Packers -4.0,"38 degrees, relative humidity 89%, wind 10 mph",,Packers,Mike McCarthy,Green Bay Packers,201412140buf,Doug Marrone,Buffalo Bills,38 degrees, relative humidity 89%, wind 10 mph,
"71,161",2:52,55.0 (under),dome,,fieldturf ,Pittsburgh Steelers -3.0,,,Steelers,Mike Tomlin,Pittsburgh Steelers,201412140atl,Mike Smith,Atlanta Falcons,,,,
"70,801",3:07,45.0 (under),outdoors,,sportturf,Baltimore Ravens -13.5,"47 degrees, relative humidity 64%, wind 3 mph, wind chill 0",,Ravens (deferred),Gus Bradley,Jacksonville Jaguars,201412140rav,John Harbaugh,Baltimore Ravens,47 degrees, relative humidity 64%, wind 3 mph, wind chill 0
"77,628",3:06,47.0 (under),outdoors,,fieldturf,New York Giants -6.5,"43 degrees, relative humidity 63%, wind 9 mph",,Giants,Jay Gruden,Washington Redskins,201412140nyg,Tom Coughlin,New York Giants,43 degrees, relative humidity 63%, wind 9 mph,
"68,756",3:08,48.0 (over),outdoors,,fieldturf ,New England Patriots -7.5,"43 degrees, relative humidity 55%, wind 9 mph",,Patriots (deferred),Joe Philbin,Miami Dolphins,201412140nwe,Bill Belichick,New England Patriots,43 degrees, relative humidity 55%, wind 9 mph,
"65,148",3:06,49.0 (under),retractable roof (closed),,fieldturf ,Indianapolis Colts -6.5,,,Colts,Bill O'Brien,Houston Texans,201412140clt,Chuck Pagano,Indianapolis Colts,,,,
"67,431",2:50,44.0 (under),outdoors,,grass ,Cleveland Browns -1.0,"43 degrees, relative humidity 94%, wind 7 mph",,Browns (deferred),Marvin Lewis,Cincinnati Bengals,201412140cle,Mike Pettine,Cleveland Browns,43 degrees, relative humidity 94%, wind 7 mph,
"72,153",3:24,41.5 (over),outdoors,,grass ,Kansas City Chiefs -10.0,"58 degrees, relative humidity 78%, wind 16 mph, wind chill 0",,Raiders (deferred),Tony Sparano,Oakland Raiders,201412140kan,Andy Reid,Kansas City Chiefs,58 degrees, relative humidity 78%, wind 16 mph, wind chill 0
"72,842",3:10,41.0 (under),outdoors,,grass ,Carolina Panthers -3.0,"60 degrees, relative humidity 36%, no wind, wind chill 0",,Buccaneers (deferred),Lovie Smith,Tampa Bay Buccaneers,201412140car,Ron Rivera,Carolina Panthers,60 degrees, relative humidity 36%, no wind, wind chill 0
"68,682",3:06,50.5 (under),outdoors,,grass ,Denver Broncos -4.5,"64 degrees, relative humidity 46%, wind 6 mph, wind chill 0",,Chargers,John Fox,Denver Broncos,201412140sdg,Mike McCoy,San Diego Chargers,64 degrees, relative humidity 46%, wind 6 mph, wind chill 0
"69,143",3:15,42.0 (under),outdoors,,grass ,New York Jets -3.0,"54 degrees, relative humidity 58%, wind 6 mph",,Titans,Rex Ryan,New York Jets,201412140oti,Ken Whisenhunt,Tennessee Titans,54 degrees, relative humidity 58%, wind 6 mph,
"62,490",2:49,41.5 (under),dome,,fieldturf ,Detroit Lions -7.5,,,Lions,Mike Zimmer,Minnesota Vikings,201412140det,Jim Caldwell,Detroit Lions,,,,
"68,526",2:57,38.0 (under),outdoors,,fieldturf ,Seattle Seahawks -9.5,"46 degrees, relative humidity 74%, wind 4 mph",,Seahawks (deferred),Jim Harbaugh,San Francisco 49ers,201412140sea,Pete Carroll,Seattle Seahawks,46 degrees, relative humidity 74%, wind 4 mph,
"69,596",3:04,55.0 (over),outdoors,,grass ,Philadelphia Eagles -3.0,"41 degrees, relative humidity 69%, wind 9 mph",,Eagles,Jason Garrett,Dallas Cowboys,201412140phi,Chip Kelly,Philadelphia Eagles,41 degrees, relative humidity 69%, wind 9 mph,
"60,996",3:03,53.5 (under),outdoors,,grass ,New Orleans Saints -3.0,"44 degrees, relative humidity 93%, wind 5 mph",,Saints (deferred),Sean Payton,New Orleans Saints,201412150chi,Marc Trestman,Chicago Bears,44 degrees, relative humidity 93%, wind 5 mph,
"61,202",2:49,39.0 (under),outdoors,,grass ,Jacksonville Jaguars -4.5,"58 degrees, relative humidity 0%, wind 2 mph, wind chill 0",,Titans,Ken Whisenhunt,Tennessee Titans,201412180jax,Gus Bradley,Jacksonville Jaguars,58 degrees, relative humidity 0%, wind 2 mph, wind chill 0
"78,897",3:06,51.0 (push),outdoors,,grass ,Philadelphia Eagles -7.0,"37 degrees, relative humidity 56%, no wind, wind chill 0",,Eagles,Chip Kelly,Philadelphia Eagles,201412200was,Jay Gruden,Washington Redskins,37 degrees, relative humidity 56%, no wind, wind chill 0
"70,699",3:51,40.5 (over),outdoors,,grass ,San Francisco 49ers -1.5,"61 degrees, relative humidity 75%, wind 5 mph, wind chill 0",49ers,Chargers (deferred),Mike McCoy,San Diego Chargers,201412200sfo,Jim Harbaugh,San Francisco 49ers,61 degrees, relative humidity 75%, wind 5 mph, wind chill 0
"60,865",3:01,49.5 (under),outdoors,,grass ,Pittsburgh Steelers -2.5,"36 degrees, relative humidity 50%, wind 1 mph",,Steelers,Andy Reid,Kansas City Chiefs,201412210pit,Mike Tomlin,Pittsburgh Steelers,36 degrees, relative humidity 50%, wind 1 mph,
"78,160",2:51,47.0 (under),outdoors,,fieldturf,New England Patriots -10.0,"34 degrees, relative humidity 75%, wind 9 mph, wind chill 27",,Patriots (deferred),Bill Belichick,New England Patriots,201412210nyj,Rex Ryan,New York Jets,34 degrees, relative humidity 75%, wind 9 mph, wind chill 27
"71,771",3:30,42.0 (under),retractable roof (closed),,grass ,Baltimore Ravens -6.5,,,Ravens (deferred),John Harbaugh,Baltimore Ravens,201412210htx,Bill O'Brien,Houston Texans,,,,
"64,247",2:44,49.0 (under),outdoors,,grass ,Green Bay Packers -12.0,"75 degrees, relative humidity 65%, wind 7 mph",,Packers,Mike McCarthy,Green Bay Packers,201412210tam,Lovie Smith,Tampa Bay Buccaneers,75 degrees, relative humidity 65%, wind 7 mph,
"73,164",3:00,56.5 (under),dome,,sportturf,New Orleans Saints -6.0,,,Saints,Mike Smith,Atlanta Falcons,201412210nor,Sean Payton,New Orleans Saints,,,,
"66,203",3:28,42.5 (over),outdoors,,grass ,Miami Dolphins -4.5,"80 degrees, relative humidity 58%, wind 9 mph, wind chill 0",,Vikings (deferred),Mike Zimmer,Minnesota Vikings,201412210mia,Joe Philbin,Miami Dolphins,80 degrees, relative humidity 58%, wind 9 mph, wind chill 0
"61,420",3:03,44.5 (under),outdoors,,grass ,Detroit Lions -10.0,"36 degrees, relative humidity 74%, wind 13 mph, wind chill 27",,Bears,Jim Caldwell,Detroit Lions,201412210chi,Marc Trestman,Chicago Bears,36 degrees, relative humidity 74%, wind 13 mph, wind chill 27
"73,810",3:02,40.0 (under),outdoors,,grass ,Carolina Panthers -6.0,"48 degrees, relative humidity 65%, wind 3 mph",,Browns (deferred),Mike Pettine,Cleveland Browns,201412210car,Ron Rivera,Carolina Panthers,48 degrees, relative humidity 65%, wind 3 mph,
"55,851",3:19,43.5 (over),dome,,astroplay,St. Louis Rams -6.5,,,Rams (deferred),Tom Coughlin,New York Giants,201412210ram,Jeff Fisher,St. Louis Rams,,,,
"53,436",3:19,42.0 (over),outdoors,,grass ,Buffalo Bills -6.5,"64 degrees, relative humidity 84%, wind 10 mph, wind chill 0",,Bills (deferred),Doug Marrone,Buffalo Bills,201412210rai,Tony Sparano,Oakland Raiders,64 degrees, relative humidity 84%, wind 10 mph, wind chill 0
"91,899",2:49,54.0 (under),retractable roof (closed),,matrixturf,Dallas Cowboys -3.0,,,Colts (deferred),Chuck Pagano,Indianapolis Colts,201412210dal,Jason Garrett,Dallas Cowboys,,,,
"63,806",3:14,36.0 (over),retractable roof (closed),,grass ,Seattle Seahawks -9.0,,,Cardinals (deferred),Pete Carroll,Seattle Seahawks,201412210crd,Bruce Arians,Arizona Cardinals,,,,
"66,107",3:20,47.0 (over),outdoors,,fieldturf ,Denver Broncos -3.5,"47 degrees, relative humidity 70%, wind 8 mph",,Broncos (deferred),John Fox,Denver Broncos,201412220cin,Marvin Lewis,Cincinnati Bengals,47 degrees, relative humidity 70%, wind 8 mph,
"71,070",3:05,39.5 (under),outdoors,,sportturf,Baltimore Ravens -13.5,"54 degrees, relative humidity 0%, wind 5 mph, wind chill 0",,Browns (deferred),Mike Pettine,Cleveland Browns,201412280rav,John Harbaugh,Baltimore Ravens,54 degrees, relative humidity 0%, wind 5 mph, wind chill 0
"69,143",2:58,46.5 (under),outdoors,,grass ,Indianapolis Colts -7.5,"40 degrees, relative humidity 99%, wind 6 mph",,Titans,Chuck Pagano,Indianapolis Colts,201412280oti,Ken Whisenhunt,Tennessee Titans,40 degrees, relative humidity 99%, wind 6 mph,
"79,150",3:14,52.0 (over),outdoors,,fieldturf,Pick,"48 degrees, relative humidity 82%, wind 8 mph",,Giants,Chip Kelly,Philadelphia Eagles,201412280nyg,Tom Coughlin,New York Giants,48 degrees, relative humidity 82%, wind 8 mph,
"68,756",2:43,44.0 (under),outdoors,,fieldturf ,New England Patriots -6.5,"49 degrees, relative humidity 74%, wind 9 mph",,Patriots (deferred),Doug Marrone,Buffalo Bills,201412280nwe,Bill Belichick,New England Patriots,49 degrees, relative humidity 74%, wind 9 mph,
"52,364",2:53,46.5 (under),outdoors,,fieldturf,Minnesota Vikings -7.0,"15 degrees, relative humidity 77%, no wind, wind chill 0",,Vikings (deferred),Marc Trestman,Chicago Bears,201412280min,Mike Zimmer,Minnesota Vikings,15 degrees, relative humidity 77%, no wind, wind chill 0
"70,220",3:09,41.0 (over),outdoors,,grass ,Miami Dolphins -6.5,"80 degrees, relative humidity 68%, wind 12 mph, wind chill 0",,Dolphins,Rex Ryan,New York Jets,201412280mia,Joe Philbin,Miami Dolphins,80 degrees, relative humidity 68%, wind 12 mph, wind chill 0
"59,952",2:55,46.5 (under),outdoors,,grass ,New Orleans Saints -5.5,"79 degrees, relative humidity 74%, wind 6 mph",,Saints (deferred),Sean Payton,New Orleans Saints,201412280tam,Lovie Smith,Tampa Bay Buccaneers,79 degrees, relative humidity 74%, wind 6 mph,
"73,952",3:04,42.5 (under),outdoors,,grass ,Kansas City Chiefs -2.5,"31 degrees, relative humidity 63%, wind 7 mph, wind chill 24",,Chiefs (deferred),Mike McCoy,San Diego Chargers,201412280kan,Andy Reid,Kansas City Chiefs,31 degrees, relative humidity 63%, wind 7 mph, wind chill 24
"71,777",3:07,38.0 (over),retractable roof (closed),,grass ,Houston Texans -7.5,,,Texans (deferred),Gus Bradley,Jacksonville Jaguars,201412280htx,Bill O'Brien,Houston Texans,,,,
"80,897",3:12,47.5 (over),outdoors,,grass ,Dallas Cowboys -6.0,"58 degrees, relative humidity 54%, no wind, wind chill 0",,Cowboys,Jason Garrett,Dallas Cowboys,201412280was,Jay Gruden,Washington Redskins,58 degrees, relative humidity 54%, no wind, wind chill 0
"78,408",3:16,46.5 (over),outdoors,,grass ,Green Bay Packers -7.0,"27 degrees, relative humidity 69%, wind 5 mph, wind chill 21",,Packers (deferred),Jim Caldwell,Detroit Lions,201412280gnb,Mike McCarthy,Green Bay Packers,27 degrees, relative humidity 69%, wind 5 mph, wind chill 21
"76,929",3:18,48.0 (over),outdoors,,grass ,Denver Broncos -14.0,"40 degrees, relative humidity 28%, wind 7 mph",,Broncos (deferred),Tony Sparano,Oakland Raiders,201412280den,John Fox,Denver Broncos,40 degrees, relative humidity 28%, wind 7 mph,
"71,015",2:51,48.0 (under),dome,,fieldturf ,Atlanta Falcons -3.0,,,Panthers,Ron Rivera,Carolina Panthers,201412280atl,Mike Smith,Atlanta Falcons,,,,
"70,699",3:03,37.5 (under),outdoors,,grass ,San Francisco 49ers -6.5,"51 degrees, relative humidity 60%, wind 3 mph, wind chill 0",,49ers (deferred),Bruce Arians,Arizona Cardinals,201412280sfo,Jim Harbaugh,San Francisco 49ers,51 degrees, relative humidity 60%, wind 3 mph, wind chill 0
"68,453",2:57,41.5 (under),outdoors,,fieldturf ,Seattle Seahawks -11.0,"43 degrees, relative humidity 81%, wind 5 mph",,Seahawks (deferred),Jeff Fisher,St. Louis Rams,201412280sea,Pete Carroll,Seattle Seahawks,43 degrees, relative humidity 81%, wind 5 mph,
"64,697",3:00,48.0 (under),outdoors,,grass ,Pittsburgh Steelers -3.5,"37 degrees, relative humidity 68%, wind 5 mph",,Steelers,Marvin Lewis,Cincinnati Bengals,201412280pit,Mike Tomlin,Pittsburgh Steelers,37 degrees, relative humidity 68%, wind 5 mph,
"71,849",3:32,37.5 (over),outdoors,,grass ,Carolina Panthers -6.5,"51 degrees, relative humidity 82%, wind 6 mph, wind chill 0",,Cardinals,Bruce Arians,Arizona Cardinals,201501030car,Ron Rivera,Carolina Panthers,51 degrees, relative humidity 82%, wind 6 mph, wind chill 0
"62,780",3:10,45.0 (over),outdoors,,grass ,Pittsburgh Steelers -3.0,"48 degrees, relative humidity 80%, wind 10 mph",,Steelers,John Harbaugh,Baltimore Ravens,201501030pit,Mike Tomlin,Pittsburgh Steelers,48 degrees, relative humidity 80%, wind 10 mph,
"63,385",3:06,48.0 (under),retractable roof (closed),,fieldturf ,Indianapolis Colts -3.0,,,Colts,Marvin Lewis,Cincinnati Bengals,201501040clt,Chuck Pagano,Indianapolis Colts,,,,
"91,410",3:06,48.5 (under),retractable roof (closed),,matrixturf,Dallas Cowboys -6.5,,,Cowboys,Jim Caldwell,Detroit Lions,201501040dal,Jason Garrett,Dallas Cowboys,,,,
"68,756",3:29,47.5 (over),outdoors,,fieldturf ,New England Patriots -7.0,"20 degrees, relative humidity 30%, wind 12 mph, wind chill 8",,Patriots (deferred),John Harbaugh,Baltimore Ravens,201501100nwe,Bill Belichick,New England Patriots,20 degrees, relative humidity 30%, wind 12 mph, wind chill 8
"68,524",3:02,39.5 (over),outdoors,,fieldturf ,Seattle Seahawks -11.5,"48 degrees, relative humidity 89%, no wind, wind chill 0",,Panthers,Ron Rivera,Carolina Panthers,201501100sea,Pete Carroll,Seattle Seahawks,48 degrees, relative humidity 89%, no wind, wind chill 0
"79,704",3:06,51.5 (under),outdoors,,grass ,Green Bay Packers -6.0,"24 degrees, relative humidity 62%, no wind, wind chill 0",,Cowboys,Jason Garrett,Dallas Cowboys,201501110gnb,Mike McCarthy,Green Bay Packers,24 degrees, relative humidity 62%, no wind, wind chill 0
"76,867",3:08,53.5 (under),outdoors,,grass ,Denver Broncos -7.0,"40 degrees, relative humidity 71%, wind 7 mph",,Broncos (deferred),Chuck Pagano,Indianapolis Colts,201501110den,John Fox,Denver Broncos,40 degrees, relative humidity 71%, wind 7 mph,
"68,538",3:24,45.0 (over),outdoors,,fieldturf ,Seattle Seahawks -8.5,"52 degrees, relative humidity 70%, wind 15 mph, wind chill 0",Seahawks,Seahawks (deferred),Mike McCarthy,Green Bay Packers,201501180sea,Pete Carroll,Seattle Seahawks,52 degrees, relative humidity 70%, wind 15 mph, wind chill 0
"68,756",3:12,52.0 (push),outdoors,,fieldturf ,New England Patriots -7.0,"51 degrees, relative humidity 71%, wind 15 mph, wind chill 0",,Patriots (deferred),Chuck Pagano,Indianapolis Colts,201501180nwe,Bill Belichick,New England Patriots,51 degrees, relative humidity 71%, wind 15 mph, wind chill 0
"70,288",3:36,47.0 (over),retractable roof (closed),Tom Brady,grass ,Pick,,,Seahawks (deferred),Pete Carroll,Seattle Seahawks,201502010sea,Bill Belichick,New England Patriots,,,,
